id,comment
叶艾茂,#杭州女子捐款1000万#，有钱又有爱，这回馈社会的方式挺好！#外婆给慈善组织捐了1000万##杭州# 
萤火虫如我,美国电商巨头亚马逊突然宣布，自7月17日起，停运亚马逊中文官方网站（Amazon.cn），与此同时，亚马逊中国将不再提供应用商店服务。 报道称，亚马逊发言人表示，亚马逊中文官方网站停运前，公司会与卖家密切合作，确保顺利过渡并继续为客户提供最佳的服务。 （河南日报）#上海##苏州##昆山##杭州##宁波 ...全文
嘉木锄禾日当午,#杭州# 今日份打卡，周三开始啦，一周过得好快，新的一天一起加油，愿一切都顺顺利利！！奥利给，大家早上好 
财经飞说不可,这些人都是有能力为楼市接盘的#房价##杭州# 
设计师-李功,跃迁设计｜CHOW住宅：“少即是多”!#室内设计# #家居设计# #杭州# 
苟婵婵,跟杭州有关的记忆就是咧嘴笑😁！                       ——梦醒时分，杭州再见#杭州#舞剧红楼梦 
陈霖Sammy,#浙江通报6男子参加同性淫乱聚会#性学专家@李银河 曾提案建议取消“聚众乱淫罪”，称这是一个过时的错误的法律。来看看李老师的理由↓你支持吗？ #杭州# #李银河建议取消聚众乱淫罪# 
金燕西yancey,杭州的兄弟，你被绿了，希望你能刷到泰国回来碰见一对露水鸳鸯，帮兄弟们避避雷，以下为信息，自行核对：你女朋友工作应该是策划一类。乘坐的是春秋航空9C8512清迈飞上海。机上你女朋友向旁边男的详细介绍了你的家庭背景，杭州人，西湖边有一套房子，爸妈想给你做婚房，女的不同意。你的长辈多数是 ...全文
白水加VC,今天美丽的夜#杭州##夜色# 
杭州巴士资讯,【#巴士采风#】#杭州# 都说杭州公交是懂浪漫的今年5.20不仅派出了两台“大红豆”双层巴士用于520路特别活动，还有一辆与中国香港插画艺术家Ton Mak旗下FLABJACKS潮流品牌联合打造的“520膨胀巴士”，在杭城各大银泰商场进行轮流展出。今日份的武林商圈，真是处处充满着高甜又浪漫的节日氛围呢 ...全文
like一只菠萝,"骑车会让人明确一件事。“享受过程”和“自我感知”都很重要！OS，有个爱骑行的男朋友真的很费腿#饮啡旅行,三餐四季##杭州# 杭州 "
踏雪寻梅李雪,杭州翎欣艺术舞蹈除了带给孩子良好的形体，优雅的气质👑还有根植于内心的自信和不畏艰难的执着💪🏻💪🏻#杭州翎欣艺术##随手拍##杭州##舞蹈##杭州舞蹈##杭州舞蹈培训##你好五月# 踏雪寻梅李雪的微博视频 
王金金WJJ-,#哈尔滨# 站圆满结束啦 非常感谢大家到场下一场：#杭州# 6月17日 （刚好陪我过生日）拍照：小渔（我自己的粉丝）傲娇脸妆造：@焦京京_ （我自己姐妹）傲娇脸哈尔滨站嘉宾： 高睿宝宝 真的太瘦太可爱了 想掐脸🤏下一场粉丝宝宝记得帮我家乐手和音响师（我的四位老公） 多拍拍照片 ...全文
Rachele瑞丽,意大利老爸第一次看中国夜市，没想到这么晚，还有这么多人！#路卡和瑞丽##老外在中国##中国媳妇##武林夜市##老富##杭州##意大利人老富##夜市# Rachele瑞丽的微博视频 
-Lyt-,#杭州地铁# 根据已批复的杭州地铁第四期建设规划，重新设计了杭州轨道交通2028年线路图，并单开一张杭州都市圈(绍兴、海宁、德清)的线路图，其中绍兴二期规划的部分尚未批复。新图设计相比以前更加紧凑，希望大家喜欢并提宝贵意见～杭州轨道交通图2028+年版版本：3.0.1更新时间：2023年5月11日高 ...全文
MALLSTARS官方微博,#mallstars国际齐舞大赛#mallstars国际齐舞大赛#杭州# 一湖芬芳荷香溢绿韵挥纱舞霓裳爱在浙里，梦回杭州7月23日，杭州分站赛我们又回来啦！！以下为裁判阵容：ELEVEN老师@RMB-Eleven， Badd Machine老师@Badd_Machine ，ALEX老师@Alex_卢德 ，DASHA老师@舞爱DASHA ，大龙老师；而 ...全文
叉烧不是肥肉,#叉烧的日常##杭州# 临时起意回个家！ 
城探轩轩,#杭州# 跟球迷老爸来凑了个热闹奥体一带的街区质感越来越棒在这样的场馆看球赛氛围不错是我喜欢的都市跃动感哈哈哈 杭州·杭州奥体中心体育馆 
西安南瓜,#杭州# #深圳#  前两年去杭州 深圳接盘二手房的，现在看基本都亏麻了。          深圳 杭州堪称全民炒房。深圳 限制杠杆，立马打回原形；杭州供应太大，买二手如同进了堰塞湖。 
Moon_玥儿玥儿,#宁波# ٩(˃̶͈̀௰˂̶͈́)و#杭州# 杭州 
杭州紫云仙院,吕祖这首证道诗，对道家的修炼方法，给出了很精辟的论述，把修炼尽性至命的内丹功从筑基、炼己到金液还丹自始至终的过程尽述无遗，是千百年来学道的一个指南，为学道之人奉为炼气、降心之圭旨。练功必背哦！！！《吕祖百字碑》养炁忘言守，降心为不为。动静知宗祖，无事更寻谁。真常须应物， ...全文
一朵咕咕,#杭州# plog全程吃吃吃，竟然都没踩雷虽然有些口味确实吃不惯但也不算美食荒漠啊我感觉？打卡了两家比较火的店都还不错福缘居是真的好吃（不过环境一般计划下次去吃金猪！plog#plog##日常碎片plog##plog博主日记##杭州美食##今日不咕# 
喵喵-安然,摄影  把每一天的生活调成自己喜欢的频道#随手拍##探店##杭州# 
琳誼Ring,上海、杭州的1234那個麻辣鍋讓我拉肚子拉了三次😵💫#杭州##上海# 琳誼Ring的微博视频 
李子阳,05/02 05:00📷：五月第二天的日出（比昨天好看）#五一这样过##杭州##日出# 杭州 
英宠摄影inpetphoto,今天看到最离谱的管狗帖 #杭州# #遛狗# 求生声明：不保真，如果是假的立刻删，如是谣言就太好了！欢迎指正，我立刻道歉，不接受上来就骂街人生攻击。纯吐槽，不表示任何立场 
张力视觉,#好影像不怕晚# 今日五一假期开启，杭州作为最热门的旅游目的地之一，接待游客超600万，尤其是西湖，游客到了摩肩接踵的程度。而出来旅游，最重要的就是发朋友圈，俗话说“没朋友圈的旅游是不完整的”，要想发好朋友圈，摄影是关键，以前背着大包小包摄影镜头，现在一台手机就能解决。这次我就带着p60p ...全文
Christin-小陳,来个“𝙆𝙄𝙎𝙎”❤️#杭州##随手拍##街拍##扫街日记##摄影##有哪些景美人少的景点##杭州摄影##我的摄影日记# 杭州·天目里 
有个bong,玩累呼呼大睡到现在在家准备开工了还有好多事，下周还要给我弟开家长会拍照张大嘴我这缺的牙好搞笑哈啊哈哈！#日常碎片plog##plog博主日记##生活##记录##杭州# 
中新浙里,#12岁少年植入人工心脏开启充电人生#【12岁少年变身“钢铁侠” 植入人工心脏开启“充电”新人生】24日，在浙江大学医学院附属儿童医院的病房里，小患者成成(化名)正背着一个双肩包，与身旁的家长嬉笑互动。他的外表看着与普通少年无异，但其实“内”里大有不同：他拥有一颗人工心脏，每天都要进行“充 ...全文
火线妹不是火箭筒,以后行程都发微博吧～哈哈哈～21号杭州站，偶遇吗？火线妹#火线妹##杭州# 长沙 
猴儿君的日常,#杭州的100家小店# 第二章！（No.11-20）趁周末来更新一波，这次都是常去的社区/办公楼小店哦，可能不太好找hh五一大家准备去哪吗🙈感觉人都会很多，我打算守在杭州～#杭州# 第一篇：网页链接 
尚合学长,4月19日，浙江杭州，#98岁浙大教授西湖边狂飙英语# 全程听懂的大学，听懂一半的高中，一句没有听懂的有没有？via@杭州童哥 #校园热点运营官##杭州# 你大爷还是大爷 考研中的微博视频 
陈小苍,杭州赶集#杭州##市集# 
地理公社,#西湖是怎么来的# 两千多年前的西湖，只是钱塘江边的一个小小海湾。耸立在南北两侧的吴山和宝石山，作为环抱海湾的两个岬角，在海水冲刷以及泥沙积聚下，不断延伸，直至将浅海合围成内湖，这才有了最初的西湖。#西湖##杭州##杭州西湖景区##杭州钱塘江# 
上海波波的随意生活,一大早，就去了灵隐寺，妈妈在网上查了时间，是七点开门，说赶早，于是6点多就出门了，从西湖边出发，一路美景，路过龙井村，湿润的空气里，仿佛有缕缕茶的茶香     多年前，拍摄《田教授家的二十八个保姆》，外景地在龙井村，我和制片人安德宝还去农户家里，买老茶农手工现炒的龙井茶  :采摘的新茶摊 ...全文
全景历史地理,年轻人涌入杭州，杭州还要卷多久？#杭州##杭州网红##全景历史地理# 全景历史地理的微博视频 
子瑜子,【#子瑜癸卯摄影#040】#杭州#      要问湖里的鸳鸯鸟为何飞上枝头     要问戏水的鸭子是否知道水暖     要问为什么偶遇席瑞没去合影     要问夕阳西下的杭州有多美     要问三月的，谁能不爱#杭州西湖# @杭州西湖风景名胜区 @杭州美食旅游攻略 手机摄影  ...全文
乔木船长,摄影 人间杭州。#带着微博去旅行##杭州##西湖# 
文旅诗画,#杭州 早鸟奖# 在我看来，公司愿意出这笔钱，员工愿意挣这笔钱，公司最后的确也出了钱了，员工的确也拿到钱了，双方都诚实守信，挺好！管它是什么“早鸟晚鸟”还是“轮椅竞技赛”呢，一不违法二不违心双方你情我愿就得了，总比玩儿命灌鸡汤开空头支票强吧？一个月7000块钱呢，我觉得比年会上抽那什么“ ...全文
武当杰克,师兄弟杭州一聚。合体武术与洞箫！#不负好春日##运动就是坚持##传统文化##杭州# 武当杰克的微博视频 
青岛生活娱乐,#杭州一奶茶店使用霉变竹筒# 【#杭州#杭州一奶茶店使用霉变竹筒 】杭州奶茶店使用霉变竹筒，涉事奶茶店已停业。 青岛生活娱乐的微博视频 
影像视觉杨,【高丽寺，春雨海棠花】打卡美丽的中国杭州，西湖畔的古刹高丽寺，雨润海棠花！#遇见美好##杭州##摄影不凡##西湖##春游季# 
白水晶爱上,4月6日，浙江杭州的杭州湖滨步行街人行道发生了大变样，原来的方格走向被改为了“X”型。这一变化引起了许多网友的热议，有人说这样的景象就像电影里的场景一样，让人倍感新奇和兴奋。这种新颖的设计不仅增加了步行街的美感，还提高了人们的步行体验。如果你还没来过杭州湖滨步行街，现在正是一个好时 ...全文
印际美学,国内外设计  印际 印际官网 x 山地土壤  网页链接 丘末茶研所 设计公司：@山地土壤室内设计 项目类型：#室内设计# #空间设计# 摄影版权：稳摄影项目地点：#杭州# 
SSEE-LAB,The Tree Room by@Worldisland🌲在杭州去拜访了朋友新开的中古买手店，从线上到线下，从在全球集萃好物到开始原发产品，很开心她把喜欢的事情做得有声有色，琳琅满目的宝贝清新轻松，天真浪漫，彰显着主人独特的审美和生活态度🌿感兴趣的朋友欢迎去逛逛吧~地址:杭州市上城区凤凰山脚路7号 ...全文
容嬷嬷的姐姐容婆婆,#杭州# 🧩我在等☀️～ 杭州·满觉陇村 
回形岛,“ 半壕春水一城花。烟雨暗千家。”连续的阴雨天，让杭州的春天，于细腻柔美中，多了一份独特的清冽气韵。虽然没有拍到阳光下的明媚春日，但一城烟雨的情景，也让我们感受到了古诗词中的氛围。飞鸟、落花、流水、雨滴、倒影……这些雨中的细节，分享给大家。这次使用佳能EOS  R5记录下独属于杭州的美 ...全文
小呀么小颜落,“绍兴雨下一整晚，于是我就到了真江南”旅行博主突然营业如果周末不知道去哪里，推荐你们去绍兴呀。杭州出发高铁不到半小时，地铁也可以直达，好吃好玩好拍好开心。📍沈园：陆游唐婉的爱情故事📍书圣故里：旧时光里的小桥流水人家📍溪上：许光汉同款溪上竹筏📍安昌古镇：美景 ...全文
凤翅金盔泛妖光,1908年的杭州景物，18岁的西德尔.甘布尔拍摄，有一些照片是他父亲拍摄的。出现了岳坟前的跪像、六和塔、雷峰塔等著名地标。全部甘布尔的5000余张资料被收藏于美国杜克大学图书馆并数字化，杜克大学获得了这些资料的版权。截至2019年这批资料在某些司法管辖区内已经进入公有领域，但在包括美国在内的 ...全文
张肖涵,【手绘杭州】历时三天 百人共创🤍绘画是冲动，意义在于交流，我的画画奇遇记#绘画##杭州##野生青年艺术节# @川川的画 @鬼画昆斯 @野生青年艺术节 张肖涵的微博视频 
纸purple,“十里芳菲 曲水寻梅”.#杭州##摄影#摄影@微相册 @微博摄影 杭州·西溪国家湿地公园 
Viptranslator,#向往的生活# 《向往的生活7》即将开录，本季录制地点杭州。常驻嘉宾：何炅、黄磊、刘宪华、彭昱畅、张子枫、张艺兴。刘宪华回来了！希望王征宇团队能给这个节目注入新的活力，重获新生！4月29日起，每周六22点，芒果TV&amp;湖南卫视，全球首播。 #何炅黄磊 杭州# 
偶像冲浪达人,#何炅黄磊 杭州#有网友在杭州偶遇何炅跟黄磊了！难道是录制向往的生活吗？不知道这期还会不会有张子枫、张艺兴、彭昱畅！最重要的是，想看大华了 
玺欢下雨的大头,#何炅黄磊 杭州#向往的生活7杭州录制何炅、黄磊、张艺兴、刘宪华、彭昱畅、张子枫～大华回来啦！#向往的生活# 
搜狐娱乐,#向往的生活##何炅黄磊 杭州# 有网友在杭州偶遇何炅、黄磊，疑似新一季的《向往的生活》开录。网传何炅、黄磊、张艺兴、刘宪华、彭昱畅、张子枫皆回归，你最期待谁？  网页链接 
帽子被偷啦,#向往的生活##何炅黄磊 杭州# 对我这种从第一季追过来的老粉来说，只要黄磊、何炅、彭昱畅在，这综艺的灵魂就在…… 
八酱日常,向往的生活第七季🍉：何炅、黄磊、张艺兴、刘宪华、彭昱畅、张子枫#向往的生活# #何炅黄磊 杭州# 
蕾蕾子x,#何炅黄磊 杭州#第五季第六季张艺兴一个爆梗《不会带团队你就只能干到s》火了两年，听我说师父，把红雷哥请来，把彩灯往张艺兴房间一放，他就能吓得跑到红雷哥房间，然后节目组就会收获第二个爆梗：“红雷哥，你房里有鸭吗？”“鸭？节目组安排的？你放p吧？”“我不是说我怕尖嘴动物嘛。。”“尖嘴， ...全文
阿绾独爱莲honey,#向往的生活# #何炅黄磊 杭州#给向往的生活节目组写个剧本黄老师:明天有嘉宾来么？导演:明天有你们熟悉的好兄弟，黄渤老师和王迅老师何老师:哇，那太棒了！导演:……还有一个神秘嘉宾！彭彭和妹妹:是谁啊？张艺兴:总觉得有不好的预感，节目组肯定没那么好心。导演:你们明天就知道了。第二天 ...全文
江南酷哥张加帅X,#向往的生活#这玩意总让我想起来何老师和艺兴的湖南加密对话 也能想起来黄磊老师和艺兴不会带团队只能干到死的整蛊嘉宾 比一些连普通话都听不懂的人闹低级笑话的强多了 #何炅黄磊 杭州# 希望还是低调做人 朴实无华一些吧 
饭圈女孩,#向往的生活##何炅黄磊 杭州#有网友在杭州偶遇何炅跟黄磊开车，所以是向往的生活要在杭州开始录制了吗？网传阵容有：黄磊，何炅，张艺兴，彭昱畅，张子枫，刘宪华 将要回归第七季，飞行嘉宾有：沈腾，马丽，贾玲，黄渤，王鹤棣，吴磊，已经搓手期待起来了呀 饭圈女孩的微博视频 
娱闻少女,#何炅黄磊 杭州#网友杭州偶遇黄磊何炅，大家纷纷猜测是不是向往的生活新一季开拍啦!真的非常期待了，希望可以是原班人马呢！ 娱闻少女的微博视频 
墨說財經,#杭州# 南京被称为“徽京”，杭州也被戏称为“豫杭”了。其实两地还真是有着很强的历史渊源，历史上，北宋南迁，定都临安，有“直把杭州当汴州”的说法，汴州可就是今天的河南的开封，当时，北宋衣冠南渡，可是把整个中原朝廷的精英、士族、大家族都搬到杭州一带来了。而今天之所以会有这个说法， ...全文
职业追剧李尖尖,#何炅黄磊 杭州# 网友偶遇何炅黄磊在杭州录制《向往的生活》第七季，网传嘉宾阵容🈶：张艺兴、刘宪华、彭昱畅、张子枫等！哇这阵容也太可了。我们快乐又回了，坐等官宣啦 职业追剧李尖尖的微博视频 
迷妹速报,#何炅黄磊 杭州#有网友在杭州偶遇何炅黄磊，是在录制向往的生活吧，我的下饭综艺要来了，期待值拉满了，已经开始好奇今年的嘉宾都有谁！ 迷妹速报的微博视频 
吃瓜老衲,突发，《向往的生活7》已经在杭州郊区录制、刘宪华即将回归！3月26日，有网友拍到何炅、黄磊亲自开车在杭州的一处郊区农场，而这所农场周围已经被封锁，这大概率是录制节目。而据爆料，这季的规模会扩大、经营农场，常驻M Ci成员将保持：黄磊、何炅、张艺兴、彭昱畅、张子枫，还有刘宪华的回归，总 ...全文
知名美少女观众,#何炅黄磊 杭州#向往的生活好像开始录啦，有网友在杭州偶遇到了何炅和黄磊，又可以看到他们同框了，咱就是说向往的生活承载了大家多少的快乐呀，现在就坐等录完节目开播啦～ 知名美少女观众的微博视频 
星探狗,#向往的生活#近日，网上传出《向往的生活》第七季即将开始录制，包括黄磊、何炅、刘宪华、张艺兴、彭昱畅、张子枫将全员回归的消息。随后不久，又有网友在杭州偶遇了何炅和黄磊，进一步印证了爆料的真实性。尽管节目嘉宾的粉丝对于这个消息颇为兴奋，但与此同时，也有不少网友认为节目已经失去了最初 ...全文
疯产姐妹王富贵,"#何炅黄磊 杭州#《#向往的生活# 》下饭剧综要开录了嘛一句话正确打开《向往的生活》1.我们都以渺小启程，坚信会与所有美好在路上相逢。2.吃到一个喜欢的东西,想到一个喜欢的人。3.厨房里有烟火,饭桌里有美食,身旁有好友,客厅有欢笑,卧室有拥抱,这就是幸福。4.年轻是一切的误差 ...全文"
电影会,#向往的生活# 有网友偶遇何炅和黄磊，是《向往的生活7》即将开录了吧，本季录制地点杭州。常驻嘉宾：何炅、黄磊、刘宪华、彭昱畅、张子枫、张艺兴。刘宪华回来了！4月29日起，每周六22点，芒果TV&amp;湖南卫视，全球首播。 #何炅黄磊 杭州# #向往的生活常驻嘉宾# 
十二光年,#年年子的新基地# ✨卷+关+🍎，揪俩个宝颂小🎁x1这个4月1日咱们不愚人双店同开，“愚”礼同行💕杭州湖滨银泰in77十二光年、十二光年乐园！我们来啦✨踏青战袍、🌸限定写真等你来get敲有趣的投壶游戏等你来挑战🍡女明星二白闪现杭州和大家贴贴更有超多福利U惠 ...全文
青春剧焦圈,#何炅黄磊 杭州#真的吗真的吗我最爱的电子榨菜之一要回来了，网友偶遇何炅黄磊在杭州录制向往的生活，据说这季大华也会回归太期待了吧向往的生活 
芒果音乐台,网传《向往的生活》大华刘宪华即将回归，之前他在节目里的评价挺两极分化的，有网友觉得他很有综艺感，也有网友觉得他“装疯卖傻”。你希望他回归吗？#何炅黄磊 杭州# 芒果音乐台的微博视频 
无尽夏Forever_,#何炅黄磊 杭州#向往的生活？有大华吗？刘宪华henry是不是还在韩国呢自从大华不在我好像就没认真看过，全程就只看了沈腾马丽那期 
圈内妹妹,黄磊何炅，引发热议！许久未曾露面的何炅和黄磊冲上热搜，原来是有网友在杭州偶遇这俩人，并发布图片到网上，不少人热议：去客串下种地吧！这一对儿好友相遇，难免不会让人想到，是不是《向往的生活》要开录了？图片中，何炅坐在车内戴着墨镜，镇定自如的开车，丝毫没有发现被网友 ...全文
星娱兔,杭州偶遇何炅跟黄磊了，是《向往的生活》第七季开录了吗？#何炅黄磊 杭州# 
娱综盛宴,#何炅黄磊 杭州# 向往的生活要开拍了吗？？有人遇到黄磊和何炅了，这是要在杭州录制向往的生活了吗你期待哪位艺人来做客呢？想去偶遇何炅还有张艺兴#向往的生活# 娱综盛宴的微博视频 
Cyndi大眠,哪怕你周围的世界再复杂也要保护好内心的善良和温暖#何炅黄磊 杭州#真的好期待向往的生活，每一季都有看。看看蓝天，拥抱大海，享受阳光，干饭时间看集向往的生活真不错 Cyndi大眠的微博视频 
圈内妹妹,黄磊何炅，引发热议！许久未曾露面的何炅和黄磊冲上热搜，原来是有网友在杭州偶遇这俩人，并发布图片到网上，不少人热议：去客串下种地吧！这一对儿好友相遇，难免不会让人想到，是不是《向往的生活》要开录了？图片中，何炅坐在车内戴着墨镜，镇定自如的开车，丝毫没有发现被网友 ...全文
明星人物,#何炅黄磊 杭州# 偶遇在车里的黄炅和黄磊老师，是要开始录向往的生活了吗，好期待~ 明星人物的微博视频 
娱乐姐,#何炅黄磊 杭州#这也太让人开心了吧，是《向往的生活》开始录制了吗！师父，这季能把红雷哥请来吗？我想看红兴合体我没开玩笑 娱乐姐的微博视频 
星娱兔,杭州偶遇何炅跟黄磊了，是《向往的生活》第七季开录了吗？#何炅黄磊 杭州# 
一坨银白糯米团,#何炅黄磊 杭州#笑得想死，正打本呢，看这个以为他俩官宣了（不是） 
杭州电视台综合频道,【#杭州#公安局余杭区分局党委委员、副局长赵林康接受纪律审查和监察调查】杭州市公安局余杭区分局党委委员、副局长赵林康涉嫌严重违纪违法，主动投案，目前正在接受杭州市余杭区纪委监委纪律审查和监察调查。（来源 清廉杭州） 杭州 
周愚昧,⁰³ / ₂₅                 “ 东篱把酒黄昏后，有暗香盈袖。”- #国风##旗袍##写真##拍照##杭州# 
华籍美鱼,#国风##摄影##杭州##汉服# 昨天的视频 华籍美鱼的微博视频 
新向芽RAY,樱花是春日的明信片。来杭州良渚，看一场浪漫的雨夜樱花吧！#夜樱##樱花##杭州# 杭州·良渚文化艺术中心 新向芽RAY的微博视频 
中年美妆博母杨光,杭州最美的季节来啦！来玩记得多穿衣服，气温比我脾气还难拿捏。#杭州##自驾游##旅行##ootd# 
伏啄时,鹿晗｜我的白马王子🥹#鹿晗 杭州# 
追鹿鹿子的老阿姨,鹿晗#鹿晗 杭州#今天我已经没有什么话来形容鹿晗了！你们自己看吧！前面的保安把我挡住了！所以就截了一段给你们看！ 追鹿鹿子的老阿姨的微博视频 
